Batch Size,CPU Naive (ms),CPU Montgomery (ms),GPU Naive (ms)
100,0.38504600524902344,1.6961097717285156,18.79096031188965
1000,5.116701126098633,19.6230411529541,0.30493736267089844
10000,33.87713432312012,157.37009048461914,0.29969215393066406
